[{"line":2,"elements":[{"start_timestamp":"2024-02-17T17:51:07.381Z","line":5,"name":"As an admin, I want to add airplane data","description":"","id":"add-airport---admin;as-an-admin--i-want-to-add-airplane-data","type":"scenario","keyword":"Scenario","steps":[{"result":{"duration":5102725500,"status":"passed"},"line":6,"name":"user navigate to url \"https://rajawali-air.vercel.app/login/admin\"","match":{"arguments":[{"val":"\"https://rajawali-air.vercel.app/login/admin\"","offset":21}],"location":"rajawaliair.steps.commonStep.navigateToUrl(java.lang.String)"},"keyword":"Given "},{"result":{"duration":829176800,"status":"passed"},"line":7,"name":"user login using \"admin@gmail.com\"","match":{"arguments":[{"val":"\"admin@gmail.com\"","offset":17}],"location":"rajawaliair.steps.loginStep.loginAs(java.lang.String)"},"keyword":"When "},{"result":{"duration":5480721200,"status":"passed"},"line":8,"name":"admin adds airplane data","match":{"location":"rajawaliair.steps.addAirplaneStep.addAirplaneData()"},"keyword":"* "},{"result":{"error_message":"org.openqa.selenium.NoSuchElementException: no such element: Unable to locate element: {\"method\":\"xpath\",\"selector\":\"/html/body/div[1]/div/div[2]/div/div[2]/div/div[2]/div[1]/table/tbody/tr[1]/td[2]\"}\n  (Session info: chrome=121.0.6167.161)\nFor documentation on this error, please visit: https://www.selenium.dev/documentation/webdriver/troubleshooting/errors#no-such-element-exception\nBuild info: version: '4.15.0', revision: '1d14b5521b'\nSystem info: os.name: 'Windows 10', os.arch: 'amd64', os.version: '10.0', java.version: '21.0.1'\nDriver info: org.openqa.selenium.chrome.ChromeDriver\nCommand: [f59b2da6139f3d5f71e98494d6e311c1, findElement {using=xpath, value=/html/body/div[1]/div/div[2]/div/div[2]/div/div[2]/div[1]/table/tbody/tr[1]/td[2]}]\nCapabilities {acceptInsecureCerts: false, browserName: chrome, browserVersion: 121.0.6167.161, chrome: {chromedriverVersion: 121.0.6167.184 (057a8ae7deb..., userDataDir: C:\\Users\\ASUS\\AppData\\Local...}, fedcm:accounts: true, goog:chromeOptions: {debuggerAddress: localhost:29387}, networkConnectionEnabled: false, pageLoadStrategy: normal, platformName: windows, proxy: Proxy(), se:cdp: ws://localhost:29387/devtoo..., se:cdpVersion: 121.0.6167.161, setWindowRect: true, strictFileInteractability: false, timeouts: {implicit: 0, pageLoad: 300000, script: 30000}, unhandledPromptBehavior: dismiss and notify, webauthn:extension:credBlob: true, webauthn:extension:largeBlob: true, webauthn:extension:minPinLength: true, webauthn:extension:prf: true, webauthn:virtualAuthenticators: true}\nSession ID: f59b2da6139f3d5f71e98494d6e311c1\r\n\tat java.base/jdk.internal.reflect.DirectConstructorHandleAccessor.newInstance(DirectConstructorHandleAccessor.java:62)\r\n\tat java.base/java.lang.reflect.Constructor.newInstanceWithCaller(Constructor.java:502)\r\n\tat java.base/java.lang.reflect.Constructor.newInstance(Constructor.java:486)\r\n\tat org.openqa.selenium.remote.codec.w3c.W3CHttpResponseCodec.createException(W3CHttpResponseCodec.java:200)\r\n\tat org.openqa.selenium.remote.codec.w3c.W3CHttpResponseCodec.decode(W3CHttpResponseCodec.java:133)\r\n\tat org.openqa.selenium.remote.codec.w3c.W3CHttpResponseCodec.decode(W3CHttpResponseCodec.java:52)\r\n\tat org.openqa.selenium.remote.HttpCommandExecutor.execute(HttpCommandExecutor.java:191)\r\n\tat org.openqa.selenium.remote.service.DriverCommandExecutor.invokeExecute(DriverCommandExecutor.java:200)\r\n\tat org.openqa.selenium.remote.service.DriverCommandExecutor.execute(DriverCommandExecutor.java:175)\r\n\tat org.openqa.selenium.remote.RemoteWebDriver.execute(RemoteWebDriver.java:607)\r\n\tat org.openqa.selenium.remote.ElementLocation$ElementFinder$2.findElement(ElementLocation.java:165)\r\n\tat org.openqa.selenium.remote.ElementLocation.findElement(ElementLocation.java:59)\r\n\tat org.openqa.selenium.remote.RemoteWebDriver.findElement(RemoteWebDriver.java:364)\r\n\tat org.openqa.selenium.remote.RemoteWebDriver.findElement(RemoteWebDriver.java:358)\r\n\tat org.openqa.selenium.support.pagefactory.DefaultElementLocator.findElement(DefaultElementLocator.java:68)\r\n\tat org.openqa.selenium.support.pagefactory.internal.LocatingElementHandler.invoke(LocatingElementHandler.java:38)\r\n\tat jdk.proxy2/jdk.proxy2.$Proxy25.getText(Unknown Source)\r\n\tat rajawaliair.pages.airplanePageAdmin.verifyNewAirplaneAddedSuccessfully(airplanePageAdmin.java:79)\r\n\tat rajawaliair.steps.addAirplaneStep.verifyCanViewNewDataAirportAdded(addAirplaneStep.java:21)\r\n\tat ✽.admin can view new airplane data successfully added(file:///C:/Users/ASUS/Documents/GitHub/Final-Project-QA--Web-Automation-/src/test/java/rajawaliair/features/addAirplaneAdmin.feature:9)\r\n","duration":30095685100,"status":"failed"},"line":9,"name":"admin can view new airplane data successfully added","match":{"location":"rajawaliair.steps.addAirplaneStep.verifyCanViewNewDataAirportAdded()"},"keyword":"Then "},{"result":{"status":"skipped"},"line":10,"name":"user take screenshot \"Admin successfully adds new airplane data\"","match":{"arguments":[{"val":"\"Admin successfully adds new airplane data\"","offset":21}],"location":"rajawaliair.steps.commonStep.userTakeScreenshot(java.lang.String)"},"keyword":"* "}],"tags":[{"name":"@admin"},{"name":"@AddAirplane"}]},{"start_timestamp":"2024-02-17T17:51:51.032Z","line":13,"name":"As an admin, I want to edit airplane data","description":"","id":"add-airport---admin;as-an-admin--i-want-to-edit-airplane-data","type":"scenario","keyword":"Scenario","steps":[{"result":{"duration":4786208800,"status":"passed"},"line":14,"name":"user navigate to url \"https://rajawali-air.vercel.app/login/admin\"","match":{"arguments":[{"val":"\"https://rajawali-air.vercel.app/login/admin\"","offset":21}],"location":"rajawaliair.steps.commonStep.navigateToUrl(java.lang.String)"},"keyword":"Given "},{"result":{"duration":658833700,"status":"passed"},"line":15,"name":"user login using \"admin@gmail.com\"","match":{"arguments":[{"val":"\"admin@gmail.com\"","offset":17}],"location":"rajawaliair.steps.loginStep.loginAs(java.lang.String)"},"keyword":"When "},{"result":{"duration":14352245000,"status":"passed"},"line":16,"name":"admin do edit airplane data","match":{"location":"rajawaliair.steps.addAirplaneStep.adminDoEditAirplaneData()"},"keyword":"* "},{"result":{"error_message":"org.openqa.selenium.NoSuchElementException: no such element: Unable to locate element: {\"method\":\"xpath\",\"selector\":\"/html/body/div[1]/div/div[2]/div/div[2]/div/div[2]/div[1]/table/tbody/tr[1]/td[2]\"}\n  (Session info: chrome=121.0.6167.161)\nFor documentation on this error, please visit: https://www.selenium.dev/documentation/webdriver/troubleshooting/errors#no-such-element-exception\nBuild info: version: '4.15.0', revision: '1d14b5521b'\nSystem info: os.name: 'Windows 10', os.arch: 'amd64', os.version: '10.0', java.version: '21.0.1'\nDriver info: org.openqa.selenium.chrome.ChromeDriver\nCommand: [81abb9b2bbf399a86e9bc41e18c5af64, findElement {using=xpath, value=/html/body/div[1]/div/div[2]/div/div[2]/div/div[2]/div[1]/table/tbody/tr[1]/td[2]}]\nCapabilities {acceptInsecureCerts: false, browserName: chrome, browserVersion: 121.0.6167.161, chrome: {chromedriverVersion: 121.0.6167.184 (057a8ae7deb..., userDataDir: C:\\Users\\ASUS\\AppData\\Local...}, fedcm:accounts: true, goog:chromeOptions: {debuggerAddress: localhost:29447}, networkConnectionEnabled: false, pageLoadStrategy: normal, platformName: windows, proxy: Proxy(), se:cdp: ws://localhost:29447/devtoo..., se:cdpVersion: 121.0.6167.161, setWindowRect: true, strictFileInteractability: false, timeouts: {implicit: 0, pageLoad: 300000, script: 30000}, unhandledPromptBehavior: dismiss and notify, webauthn:extension:credBlob: true, webauthn:extension:largeBlob: true, webauthn:extension:minPinLength: true, webauthn:extension:prf: true, webauthn:virtualAuthenticators: true}\nSession ID: 81abb9b2bbf399a86e9bc41e18c5af64\r\n\tat java.base/jdk.internal.reflect.DirectConstructorHandleAccessor.newInstance(DirectConstructorHandleAccessor.java:62)\r\n\tat java.base/java.lang.reflect.Constructor.newInstanceWithCaller(Constructor.java:502)\r\n\tat java.base/java.lang.reflect.Constructor.newInstance(Constructor.java:486)\r\n\tat org.openqa.selenium.remote.codec.w3c.W3CHttpResponseCodec.createException(W3CHttpResponseCodec.java:200)\r\n\tat org.openqa.selenium.remote.codec.w3c.W3CHttpResponseCodec.decode(W3CHttpResponseCodec.java:133)\r\n\tat org.openqa.selenium.remote.codec.w3c.W3CHttpResponseCodec.decode(W3CHttpResponseCodec.java:52)\r\n\tat org.openqa.selenium.remote.HttpCommandExecutor.execute(HttpCommandExecutor.java:191)\r\n\tat org.openqa.selenium.remote.service.DriverCommandExecutor.invokeExecute(DriverCommandExecutor.java:200)\r\n\tat org.openqa.selenium.remote.service.DriverCommandExecutor.execute(DriverCommandExecutor.java:175)\r\n\tat org.openqa.selenium.remote.RemoteWebDriver.execute(RemoteWebDriver.java:607)\r\n\tat org.openqa.selenium.remote.ElementLocation$ElementFinder$2.findElement(ElementLocation.java:165)\r\n\tat org.openqa.selenium.remote.ElementLocation.findElement(ElementLocation.java:59)\r\n\tat org.openqa.selenium.remote.RemoteWebDriver.findElement(RemoteWebDriver.java:364)\r\n\tat org.openqa.selenium.remote.RemoteWebDriver.findElement(RemoteWebDriver.java:358)\r\n\tat org.openqa.selenium.support.pagefactory.DefaultElementLocator.findElement(DefaultElementLocator.java:68)\r\n\tat org.openqa.selenium.support.pagefactory.internal.LocatingElementHandler.invoke(LocatingElementHandler.java:38)\r\n\tat jdk.proxy2/jdk.proxy2.$Proxy25.getText(Unknown Source)\r\n\tat rajawaliair.pages.airplanePageAdmin.verifyNewAirplaneEditedSuccessfully(airplanePageAdmin.java:113)\r\n\tat rajawaliair.steps.addAirplaneStep.verifyCanViewNewDataEdited(addAirplaneStep.java:31)\r\n\tat ✽.admin can view new airplane data successfully edited(file:///C:/Users/ASUS/Documents/GitHub/Final-Project-QA--Web-Automation-/src/test/java/rajawaliair/features/addAirplaneAdmin.feature:17)\r\n","duration":30057017200,"status":"failed"},"line":17,"name":"admin can view new airplane data successfully edited","match":{"location":"rajawaliair.steps.addAirplaneStep.verifyCanViewNewDataEdited()"},"keyword":"Then "},{"result":{"status":"skipped"},"line":18,"name":"user take screenshot \"Admin successfully edit new airplane data\"","match":{"arguments":[{"val":"\"Admin successfully edit new airplane data\"","offset":21}],"location":"rajawaliair.steps.commonStep.userTakeScreenshot(java.lang.String)"},"keyword":"* "}],"tags":[{"name":"@admin"},{"name":"@AddAirplane"}]},{"start_timestamp":"2024-02-17T17:52:42.682Z","line":20,"name":"As an admin, I want to delete airplane data","description":"","id":"add-airport---admin;as-an-admin--i-want-to-delete-airplane-data","type":"scenario","keyword":"Scenario","steps":[{"result":{"duration":7086573700,"status":"passed"},"line":21,"name":"user navigate to url \"https://rajawali-air.vercel.app/login/admin\"","match":{"arguments":[{"val":"\"https://rajawali-air.vercel.app/login/admin\"","offset":21}],"location":"rajawaliair.steps.commonStep.navigateToUrl(java.lang.String)"},"keyword":"Given "},{"result":{"duration":638472300,"status":"passed"},"line":22,"name":"user login using \"admin@gmail.com\"","match":{"arguments":[{"val":"\"admin@gmail.com\"","offset":17}],"location":"rajawaliair.steps.loginStep.loginAs(java.lang.String)"},"keyword":"When "},{"result":{"duration":5905655300,"status":"passed"},"line":23,"name":"admin delete airplane data","match":{"location":"rajawaliair.steps.addAirplaneStep.doDelteDataAirplane()"},"keyword":"* "},{"result":{"duration":94912300,"status":"passed"},"line":24,"name":"airplane data will be deleted","match":{"location":"rajawaliair.steps.addAirplaneStep.verifySuccessfullyDelte()"},"keyword":"Then "},{"result":{"duration":293304600,"status":"passed"},"line":25,"name":"user take screenshot \"Admin successfully delete airplane data\"","match":{"arguments":[{"val":"\"Admin successfully delete airplane data\"","offset":21}],"location":"rajawaliair.steps.commonStep.userTakeScreenshot(java.lang.String)"},"keyword":"* "}],"tags":[{"name":"@admin"}]}],"name":"Add Airport - Admin","description":"","id":"add-airport---admin","keyword":"Feature","uri":"file:src/test/java/rajawaliair/features/addAirplaneAdmin.feature","tags":[{"name":"@admin","type":"Tag","location":{"line":1,"column":1}}]},{"line":2,"elements":[{"start_timestamp":"2024-02-17T17:52:58.476Z","line":5,"name":"As an admin, I want to add airport data","description":"","id":"add-airport---admin;as-an-admin--i-want-to-add-airport-data","type":"scenario","keyword":"Scenario","steps":[{"result":{"duration":3657628300,"status":"passed"},"line":6,"name":"user navigate to url \"https://rajawali-air.vercel.app/login/admin\"","match":{"arguments":[{"val":"\"https://rajawali-air.vercel.app/login/admin\"","offset":21}],"location":"rajawaliair.steps.commonStep.navigateToUrl(java.lang.String)"},"keyword":"Given "},{"result":{"duration":722069900,"status":"passed"},"line":7,"name":"user login using \"admin@gmail.com\"","match":{"arguments":[{"val":"\"admin@gmail.com\"","offset":17}],"location":"rajawaliair.steps.loginStep.loginAs(java.lang.String)"},"keyword":"When "},{"result":{"duration":3854162800,"status":"passed"},"line":8,"name":"admin adds airport data","match":{"location":"rajawaliair.steps.addAirportStep.adminAddsAirportData()"},"keyword":"* "},{"result":{"duration":2117602400,"status":"passed"},"line":9,"name":"admin can view new airport data successfully added","match":{"location":"rajawaliair.steps.addAirportStep.verifyCanViewNewDataAirportAdded()"},"keyword":"Then "},{"result":{"duration":260305000,"status":"passed"},"line":10,"name":"user take screenshot \"Admin successfully adds new airport data\"","match":{"arguments":[{"val":"\"Admin successfully adds new airport data\"","offset":21}],"location":"rajawaliair.steps.commonStep.userTakeScreenshot(java.lang.String)"},"keyword":"* "}],"tags":[{"name":"@admin"},{"name":"@AddAirport"}]},{"start_timestamp":"2024-02-17T17:53:11.081Z","line":12,"name":"As an admin, I want to edit airport data","description":"","id":"add-airport---admin;as-an-admin--i-want-to-edit-airport-data","type":"scenario","keyword":"Scenario","steps":[{"result":{"duration":4140475600,"status":"passed"},"line":13,"name":"user navigate to url \"https://rajawali-air.vercel.app/login/admin\"","match":{"arguments":[{"val":"\"https://rajawali-air.vercel.app/login/admin\"","offset":21}],"location":"rajawaliair.steps.commonStep.navigateToUrl(java.lang.String)"},"keyword":"Given "},{"result":{"duration":549072700,"status":"passed"},"line":14,"name":"user login using \"admin@gmail.com\"","match":{"arguments":[{"val":"\"admin@gmail.com\"","offset":17}],"location":"rajawaliair.steps.loginStep.loginAs(java.lang.String)"},"keyword":"When "},{"result":{"duration":13980669500,"status":"passed"},"line":15,"name":"admin do edit airport data","match":{"location":"rajawaliair.steps.addAirportStep.adminDoEditAirportData()"},"keyword":"* "},{"result":{"error_message":"org.openqa.selenium.NoSuchElementException: no such element: Unable to locate element: {\"method\":\"xpath\",\"selector\":\"/html/body/div[1]/div/div[2]/div/div[2]/div/div[2]/div[1]/table/tbody/tr[1]/td[2]\"}\n  (Session info: chrome=121.0.6167.161)\nFor documentation on this error, please visit: https://www.selenium.dev/documentation/webdriver/troubleshooting/errors#no-such-element-exception\nBuild info: version: '4.15.0', revision: '1d14b5521b'\nSystem info: os.name: 'Windows 10', os.arch: 'amd64', os.version: '10.0', java.version: '21.0.1'\nDriver info: org.openqa.selenium.chrome.ChromeDriver\nCommand: [34148290f7135a5f8621a816c25a0ee2, findElement {using=xpath, value=/html/body/div[1]/div/div[2]/div/div[2]/div/div[2]/div[1]/table/tbody/tr[1]/td[2]}]\nCapabilities {acceptInsecureCerts: false, browserName: chrome, browserVersion: 121.0.6167.161, chrome: {chromedriverVersion: 121.0.6167.184 (057a8ae7deb..., userDataDir: C:\\Users\\ASUS\\AppData\\Local...}, fedcm:accounts: true, goog:chromeOptions: {debuggerAddress: localhost:29576}, networkConnectionEnabled: false, pageLoadStrategy: normal, platformName: windows, proxy: Proxy(), se:cdp: ws://localhost:29576/devtoo..., se:cdpVersion: 121.0.6167.161, setWindowRect: true, strictFileInteractability: false, timeouts: {implicit: 0, pageLoad: 300000, script: 30000}, unhandledPromptBehavior: dismiss and notify, webauthn:extension:credBlob: true, webauthn:extension:largeBlob: true, webauthn:extension:minPinLength: true, webauthn:extension:prf: true, webauthn:virtualAuthenticators: true}\nSession ID: 34148290f7135a5f8621a816c25a0ee2\r\n\tat java.base/jdk.internal.reflect.DirectConstructorHandleAccessor.newInstance(DirectConstructorHandleAccessor.java:62)\r\n\tat java.base/java.lang.reflect.Constructor.newInstanceWithCaller(Constructor.java:502)\r\n\tat java.base/java.lang.reflect.Constructor.newInstance(Constructor.java:486)\r\n\tat org.openqa.selenium.remote.codec.w3c.W3CHttpResponseCodec.createException(W3CHttpResponseCodec.java:200)\r\n\tat org.openqa.selenium.remote.codec.w3c.W3CHttpResponseCodec.decode(W3CHttpResponseCodec.java:133)\r\n\tat org.openqa.selenium.remote.codec.w3c.W3CHttpResponseCodec.decode(W3CHttpResponseCodec.java:52)\r\n\tat org.openqa.selenium.remote.HttpCommandExecutor.execute(HttpCommandExecutor.java:191)\r\n\tat org.openqa.selenium.remote.service.DriverCommandExecutor.invokeExecute(DriverCommandExecutor.java:200)\r\n\tat org.openqa.selenium.remote.service.DriverCommandExecutor.execute(DriverCommandExecutor.java:175)\r\n\tat org.openqa.selenium.remote.RemoteWebDriver.execute(RemoteWebDriver.java:607)\r\n\tat org.openqa.selenium.remote.ElementLocation$ElementFinder$2.findElement(ElementLocation.java:165)\r\n\tat org.openqa.selenium.remote.ElementLocation.findElement(ElementLocation.java:59)\r\n\tat org.openqa.selenium.remote.RemoteWebDriver.findElement(RemoteWebDriver.java:364)\r\n\tat org.openqa.selenium.remote.RemoteWebDriver.findElement(RemoteWebDriver.java:358)\r\n\tat org.openqa.selenium.support.pagefactory.DefaultElementLocator.findElement(DefaultElementLocator.java:68)\r\n\tat org.openqa.selenium.support.pagefactory.internal.LocatingElementHandler.invoke(LocatingElementHandler.java:38)\r\n\tat jdk.proxy2/jdk.proxy2.$Proxy25.getText(Unknown Source)\r\n\tat rajawaliair.pages.airportPageAdmin.verifyNewAirportsuccessfullyEdit(airportPageAdmin.java:99)\r\n\tat rajawaliair.steps.addAirportStep.verifyCanViewNewDataEdited(addAirportStep.java:33)\r\n\tat ✽.admin can view new airport data successfully edited(file:///C:/Users/ASUS/Documents/GitHub/Final-Project-QA--Web-Automation-/src/test/java/rajawaliair/features/addAirportAdmin.feature:16)\r\n","duration":30053126500,"status":"failed"},"line":16,"name":"admin can view new airport data successfully edited","match":{"location":"rajawaliair.steps.addAirportStep.verifyCanViewNewDataEdited()"},"keyword":"Then "},{"result":{"status":"skipped"},"line":17,"name":"user take screenshot \"Admin successfully edit new airport data\"","match":{"arguments":[{"val":"\"Admin successfully edit new airport data\"","offset":21}],"location":"rajawaliair.steps.commonStep.userTakeScreenshot(java.lang.String)"},"keyword":"* "}],"tags":[{"name":"@admin"}]},{"start_timestamp":"2024-02-17T17:54:01.480Z","line":19,"name":"As an admin, I want to delete airport data","description":"","id":"add-airport---admin;as-an-admin--i-want-to-delete-airport-data","type":"scenario","keyword":"Scenario","steps":[{"result":{"duration":3840888800,"status":"passed"},"line":20,"name":"user navigate to url \"https://rajawali-air.vercel.app/login/admin\"","match":{"arguments":[{"val":"\"https://rajawali-air.vercel.app/login/admin\"","offset":21}],"location":"rajawaliair.steps.commonStep.navigateToUrl(java.lang.String)"},"keyword":"Given "},{"result":{"duration":568070000,"status":"passed"},"line":21,"name":"user login using \"admin@gmail.com\"","match":{"arguments":[{"val":"\"admin@gmail.com\"","offset":17}],"location":"rajawaliair.steps.loginStep.loginAs(java.lang.String)"},"keyword":"When "},{"result":{"duration":6095030500,"status":"passed"},"line":22,"name":"admin delete airport data","match":{"location":"rajawaliair.steps.addAirportStep.doDeleteDataAirport()"},"keyword":"* "},{"result":{"duration":52858500,"status":"passed"},"line":23,"name":"airport data will be deleted","match":{"location":"rajawaliair.steps.addAirportStep.verifySuccessfullyDelete()"},"keyword":"Then "},{"result":{"duration":217428600,"status":"passed"},"line":24,"name":"user take screenshot \"Admin successfully delete airport data\"","match":{"arguments":[{"val":"\"Admin successfully delete airport data\"","offset":21}],"location":"rajawaliair.steps.commonStep.userTakeScreenshot(java.lang.String)"},"keyword":"* "}],"tags":[{"name":"@admin"}]}],"name":"Add Airport - Admin","description":"","id":"add-airport---admin","keyword":"Feature","uri":"file:src/test/java/rajawaliair/features/addAirportAdmin.feature","tags":[{"name":"@admin","type":"Tag","location":{"line":1,"column":1}}]},{"line":2,"elements":[{"start_timestamp":"2024-02-17T17:54:14.154Z","line":5,"name":"As an admin, I want to add airplane data","description":"","id":"add-flight---admin;as-an-admin--i-want-to-add-airplane-data","type":"scenario","keyword":"Scenario","steps":[{"result":{"duration":4812375600,"status":"passed"},"line":6,"name":"user navigate to url \"https://rajawali-air.vercel.app/login/admin\"","match":{"arguments":[{"val":"\"https://rajawali-air.vercel.app/login/admin\"","offset":21}],"location":"rajawaliair.steps.commonStep.navigateToUrl(java.lang.String)"},"keyword":"Given "},{"result":{"duration":568650200,"status":"passed"},"line":7,"name":"user login using \"admin@gmail.com\"","match":{"arguments":[{"val":"\"admin@gmail.com\"","offset":17}],"location":"rajawaliair.steps.loginStep.loginAs(java.lang.String)"},"keyword":"When "},{"result":{"duration":4719786700,"status":"passed"},"line":8,"name":"admin adds flight data","match":{"location":"rajawaliair.steps.addFlightStep.adminAddsFlightData()"},"keyword":"* "},{"result":{"error_message":"org.openqa.selenium.NoSuchElementException: no such element: Unable to locate element: {\"method\":\"xpath\",\"selector\":\"/html/body/div[1]/div/div[2]/div/div[2]/div/div[2]/div[1]/table/tbody/tr[3]/td[2]\"}\n  (Session info: chrome=121.0.6167.161)\nFor documentation on this error, please visit: https://www.selenium.dev/documentation/webdriver/troubleshooting/errors#no-such-element-exception\nBuild info: version: '4.15.0', revision: '1d14b5521b'\nSystem info: os.name: 'Windows 10', os.arch: 'amd64', os.version: '10.0', java.version: '21.0.1'\nDriver info: org.openqa.selenium.chrome.ChromeDriver\nCommand: [5bc4add70ff4bea17263d099a38376e0, findElement {using=xpath, value=/html/body/div[1]/div/div[2]/div/div[2]/div/div[2]/div[1]/table/tbody/tr[3]/td[2]}]\nCapabilities {acceptInsecureCerts: false, browserName: chrome, browserVersion: 121.0.6167.161, chrome: {chromedriverVersion: 121.0.6167.184 (057a8ae7deb..., userDataDir: C:\\Users\\ASUS\\AppData\\Local...}, fedcm:accounts: true, goog:chromeOptions: {debuggerAddress: localhost:29676}, networkConnectionEnabled: false, pageLoadStrategy: normal, platformName: windows, proxy: Proxy(), se:cdp: ws://localhost:29676/devtoo..., se:cdpVersion: 121.0.6167.161, setWindowRect: true, strictFileInteractability: false, timeouts: {implicit: 0, pageLoad: 300000, script: 30000}, unhandledPromptBehavior: dismiss and notify, webauthn:extension:credBlob: true, webauthn:extension:largeBlob: true, webauthn:extension:minPinLength: true, webauthn:extension:prf: true, webauthn:virtualAuthenticators: true}\nSession ID: 5bc4add70ff4bea17263d099a38376e0\r\n\tat java.base/jdk.internal.reflect.DirectConstructorHandleAccessor.newInstance(DirectConstructorHandleAccessor.java:62)\r\n\tat java.base/java.lang.reflect.Constructor.newInstanceWithCaller(Constructor.java:502)\r\n\tat java.base/java.lang.reflect.Constructor.newInstance(Constructor.java:486)\r\n\tat org.openqa.selenium.remote.codec.w3c.W3CHttpResponseCodec.createException(W3CHttpResponseCodec.java:200)\r\n\tat org.openqa.selenium.remote.codec.w3c.W3CHttpResponseCodec.decode(W3CHttpResponseCodec.java:133)\r\n\tat org.openqa.selenium.remote.codec.w3c.W3CHttpResponseCodec.decode(W3CHttpResponseCodec.java:52)\r\n\tat org.openqa.selenium.remote.HttpCommandExecutor.execute(HttpCommandExecutor.java:191)\r\n\tat org.openqa.selenium.remote.service.DriverCommandExecutor.invokeExecute(DriverCommandExecutor.java:200)\r\n\tat org.openqa.selenium.remote.service.DriverCommandExecutor.execute(DriverCommandExecutor.java:175)\r\n\tat org.openqa.selenium.remote.RemoteWebDriver.execute(RemoteWebDriver.java:607)\r\n\tat org.openqa.selenium.remote.ElementLocation$ElementFinder$2.findElement(ElementLocation.java:165)\r\n\tat org.openqa.selenium.remote.ElementLocation.findElement(ElementLocation.java:59)\r\n\tat org.openqa.selenium.remote.RemoteWebDriver.findElement(RemoteWebDriver.java:364)\r\n\tat org.openqa.selenium.remote.RemoteWebDriver.findElement(RemoteWebDriver.java:358)\r\n\tat org.openqa.selenium.support.pagefactory.DefaultElementLocator.findElement(DefaultElementLocator.java:68)\r\n\tat org.openqa.selenium.support.pagefactory.internal.LocatingElementHandler.invoke(LocatingElementHandler.java:38)\r\n\tat jdk.proxy2/jdk.proxy2.$Proxy25.getText(Unknown Source)\r\n\tat rajawaliair.pages.flightPageAdmin.verifyNewFlightsuccessfullyAdded(flightPageAdmin.java:138)\r\n\tat rajawaliair.steps.addFlightStep.verifyCanViewNewDataFlightAdded(addFlightStep.java:22)\r\n\tat ✽.admin can view new flight data successfully added(file:///C:/Users/ASUS/Documents/GitHub/Final-Project-QA--Web-Automation-/src/test/java/rajawaliair/features/addFlightAdmin.feature:9)\r\n","duration":30128821900,"status":"failed"},"line":9,"name":"admin can view new flight data successfully added","match":{"location":"rajawaliair.steps.addFlightStep.verifyCanViewNewDataFlightAdded()"},"keyword":"Then "},{"result":{"status":"skipped"},"line":10,"name":"user take screenshot \"Admin successfully adds new flight data\"","match":{"arguments":[{"val":"\"Admin successfully adds new flight data\"","offset":21}],"location":"rajawaliair.steps.commonStep.userTakeScreenshot(java.lang.String)"},"keyword":"* "}],"tags":[{"name":"@admin"},{"name":"@AddFlight"}]}],"name":"Add Flight - Admin","description":"","id":"add-flight---admin","keyword":"Feature","uri":"file:src/test/java/rajawaliair/features/addFlightAdmin.feature","tags":[{"name":"@admin","type":"Tag","location":{"line":1,"column":1}}]},{"line":2,"elements":[{"start_timestamp":"2024-02-17T17:54:56.173Z","line":5,"name":"As an admin, I want to add airplane data","description":"","id":"view-detail-reservation;as-an-admin--i-want-to-add-airplane-data","type":"scenario","keyword":"Scenario","steps":[{"result":{"duration":4059970200,"status":"passed"},"line":6,"name":"user navigate to url \"https://rajawali-air.vercel.app/login/admin\"","match":{"arguments":[{"val":"\"https://rajawali-air.vercel.app/login/admin\"","offset":21}],"location":"rajawaliair.steps.commonStep.navigateToUrl(java.lang.String)"},"keyword":"Given "},{"result":{"duration":756980700,"status":"passed"},"line":7,"name":"user login using \"admin@gmail.com\"","match":{"arguments":[{"val":"\"admin@gmail.com\"","offset":17}],"location":"rajawaliair.steps.loginStep.loginAs(java.lang.String)"},"keyword":"When "},{"result":{"duration":2809270600,"status":"passed"},"line":8,"name":"admin click detail reservation","match":{"location":"rajawaliair.steps.viewDetailReservationStep.adminClickDetailReservation()"},"keyword":"* "},{"result":{"duration":55850100,"status":"passed"},"line":9,"name":"admin can view detail reservation","match":{"location":"rajawaliair.steps.viewDetailReservationStep.verifyCanViewDetailReservation()"},"keyword":"Then "},{"result":{"duration":238355000,"status":"passed"},"line":10,"name":"user take screenshot \"Admin successfully view detail reservation\"","match":{"arguments":[{"val":"\"Admin successfully view detail reservation\"","offset":21}],"location":"rajawaliair.steps.commonStep.userTakeScreenshot(java.lang.String)"},"keyword":"* "}],"tags":[{"name":"@detailReservation"},{"name":"@detailReservation"}]}],"name":"View Detail Reservation","description":"","id":"view-detail-reservation","keyword":"Feature","uri":"file:src/test/java/rajawaliair/features/detailReservation.feature","tags":[{"name":"@detailReservation","type":"Tag","location":{"line":1,"column":1}}]},{"line":2,"elements":[{"start_timestamp":"2024-02-17T17:55:05.861Z","line":5,"name":"As a user, I should be able to log in using correct registered data","description":"","id":"login;as-a-user--i-should-be-able-to-log-in-using-correct-registered-data","type":"scenario","keyword":"Scenario","steps":[{"result":{"duration":5908514500,"status":"passed"},"line":6,"name":"user navigate to url \"https://rajawali-air.vercel.app/login/admin\"","match":{"arguments":[{"val":"\"https://rajawali-air.vercel.app/login/admin\"","offset":21}],"location":"rajawaliair.steps.commonStep.navigateToUrl(java.lang.String)"},"keyword":"Given "},{"result":{"duration":573829600,"status":"passed"},"line":7,"name":"user login using \"admin@gmail.com\"","match":{"arguments":[{"val":"\"admin@gmail.com\"","offset":17}],"location":"rajawaliair.steps.loginStep.loginAs(java.lang.String)"},"keyword":"When "},{"result":{"duration":1739659100,"status":"passed"},"line":8,"name":"user direct to dashboard screen","match":{"location":"rajawaliair.steps.loginStep.userDirectToDashboardScreen()"},"keyword":"Then "},{"result":{"duration":475696100,"status":"passed"},"line":9,"name":"user take screenshot \"user-login-successfully\"","match":{"arguments":[{"val":"\"user-login-successfully\"","offset":21}],"location":"rajawaliair.steps.commonStep.userTakeScreenshot(java.lang.String)"},"keyword":"* "}],"tags":[{"name":"@login"},{"name":"@login"}]},{"start_timestamp":"2024-02-17T17:55:16.174Z","line":20,"name":"As a user, I should be able to log in using correct registered data","description":"","id":"login;as-a-user--i-should-be-able-to-log-in-using-correct-registered-data;;2","type":"scenario","keyword":"Scenario Outline","steps":[{"result":{"duration":5490984100,"status":"passed"},"line":13,"name":"user navigate to url \"https://rajawali-air.vercel.app/login/admin\"","match":{"arguments":[{"val":"\"https://rajawali-air.vercel.app/login/admin\"","offset":21}],"location":"rajawaliair.steps.commonStep.navigateToUrl(java.lang.String)"},"keyword":"Given "},{"result":{"duration":526098800,"status":"passed"},"line":14,"name":"user login using \"admin1@gmail.com\"","match":{"arguments":[{"val":"\"admin1@gmail.com\"","offset":17}],"location":"rajawaliair.steps.loginStep.loginAs(java.lang.String)"},"keyword":"When "},{"result":{"duration":790002000,"status":"passed"},"line":15,"name":"error alert exist with value \"Email not found\"","match":{"arguments":[{"val":"\"Email not found\"","offset":29}],"location":"rajawaliair.steps.loginStep.errorAlertExist(java.lang.String)"},"keyword":"Then "},{"result":{"duration":171791100,"status":"passed"},"line":16,"name":"user take screenshot \"user-login-unsuccessfully-email\"","match":{"arguments":[{"val":"\"user-login-unsuccessfully-email\"","offset":21}],"location":"rajawaliair.steps.commonStep.userTakeScreenshot(java.lang.String)"},"keyword":"* "}],"tags":[{"name":"@login"},{"name":"@login"}]},{"start_timestamp":"2024-02-17T17:55:24.724Z","line":32,"name":"As a user, I should be able to log in using correct registered data","description":"","id":"login;as-a-user--i-should-be-able-to-log-in-using-correct-registered-data;;2","type":"scenario","keyword":"Scenario Outline","steps":[{"result":{"duration":5663151400,"status":"passed"},"line":25,"name":"user navigate to url \"https://rajawali-air.vercel.app/login/admin\"","match":{"arguments":[{"val":"\"https://rajawali-air.vercel.app/login/admin\"","offset":21}],"location":"rajawaliair.steps.commonStep.navigateToUrl(java.lang.String)"},"keyword":"Given "},{"result":{"duration":499609300,"status":"passed"},"line":26,"name":"user login using \"admin.qa@gmail.com\"","match":{"arguments":[{"val":"\"admin.qa@gmail.com\"","offset":17}],"location":"rajawaliair.steps.loginStep.loginAs(java.lang.String)"},"keyword":"When "},{"result":{"duration":753328400,"status":"passed"},"line":27,"name":"password error alert exist with value \"Wrong Password\"","match":{"arguments":[{"val":"\"Wrong Password\"","offset":38}],"location":"rajawaliair.steps.loginStep.errorAlertExist2(java.lang.String)"},"keyword":"Then "},{"result":{"duration":184233500,"status":"passed"},"line":28,"name":"user take screenshot \"user-login-unsuccessfully-password\"","match":{"arguments":[{"val":"\"user-login-unsuccessfully-password\"","offset":21}],"location":"rajawaliair.steps.commonStep.userTakeScreenshot(java.lang.String)"},"keyword":"* "}],"tags":[{"name":"@login"},{"name":"@login"}]}],"name":"Login","description":"","id":"login","keyword":"Feature","uri":"file:src/test/java/rajawaliair/features/login.feature","tags":[{"name":"@login","type":"Tag","location":{"line":1,"column":1}}]},{"line":2,"elements":[{"start_timestamp":"2024-02-17T17:55:33.442Z","line":5,"name":"As a user, I should be able to order","description":"","id":"order;as-a-user--i-should-be-able-to-order","type":"scenario","keyword":"Scenario","steps":[{"result":{"duration":5883908000,"status":"passed"},"line":6,"name":"user navigate to url \"https://rajawali-air.vercel.app\"","match":{"arguments":[{"val":"\"https://rajawali-air.vercel.app\"","offset":21}],"location":"rajawaliair.steps.commonStep.navigateToUrl(java.lang.String)"},"keyword":"Given "},{"result":{"duration":2137880300,"status":"passed"},"line":7,"name":"user search ticket","match":{"location":"rajawaliair.steps.orderStep.selectSourceAirport()"},"keyword":"When "},{"result":{"error_message":"org.openqa.selenium.NoSuchElementException: no such element: Unable to locate element: {\"method\":\"xpath\",\"selector\":\"/html/body/div/section/div[2]/div[2]/div/div[1]/button\"}\n  (Session info: chrome=121.0.6167.161)\nFor documentation on this error, please visit: https://www.selenium.dev/documentation/webdriver/troubleshooting/errors#no-such-element-exception\nBuild info: version: '4.15.0', revision: '1d14b5521b'\nSystem info: os.name: 'Windows 10', os.arch: 'amd64', os.version: '10.0', java.version: '21.0.1'\nDriver info: org.openqa.selenium.chrome.ChromeDriver\nCommand: [4c6a44e883057acbf426db8af63c705d, findElement {using=xpath, value=/html/body/div/section/div[2]/div[2]/div/div[1]/button}]\nCapabilities {acceptInsecureCerts: false, browserName: chrome, browserVersion: 121.0.6167.161, chrome: {chromedriverVersion: 121.0.6167.184 (057a8ae7deb..., userDataDir: C:\\Users\\ASUS\\AppData\\Local...}, fedcm:accounts: true, goog:chromeOptions: {debuggerAddress: localhost:29840}, networkConnectionEnabled: false, pageLoadStrategy: normal, platformName: windows, proxy: Proxy(), se:cdp: ws://localhost:29840/devtoo..., se:cdpVersion: 121.0.6167.161, setWindowRect: true, strictFileInteractability: false, timeouts: {implicit: 0, pageLoad: 300000, script: 30000}, unhandledPromptBehavior: dismiss and notify, webauthn:extension:credBlob: true, webauthn:extension:largeBlob: true, webauthn:extension:minPinLength: true, webauthn:extension:prf: true, webauthn:virtualAuthenticators: true}\nSession ID: 4c6a44e883057acbf426db8af63c705d\r\n\tat java.base/jdk.internal.reflect.DirectConstructorHandleAccessor.newInstance(DirectConstructorHandleAccessor.java:62)\r\n\tat java.base/java.lang.reflect.Constructor.newInstanceWithCaller(Constructor.java:502)\r\n\tat java.base/java.lang.reflect.Constructor.newInstance(Constructor.java:486)\r\n\tat org.openqa.selenium.remote.codec.w3c.W3CHttpResponseCodec.createException(W3CHttpResponseCodec.java:200)\r\n\tat org.openqa.selenium.remote.codec.w3c.W3CHttpResponseCodec.decode(W3CHttpResponseCodec.java:133)\r\n\tat org.openqa.selenium.remote.codec.w3c.W3CHttpResponseCodec.decode(W3CHttpResponseCodec.java:52)\r\n\tat org.openqa.selenium.remote.HttpCommandExecutor.execute(HttpCommandExecutor.java:191)\r\n\tat org.openqa.selenium.remote.service.DriverCommandExecutor.invokeExecute(DriverCommandExecutor.java:200)\r\n\tat org.openqa.selenium.remote.service.DriverCommandExecutor.execute(DriverCommandExecutor.java:175)\r\n\tat org.openqa.selenium.remote.RemoteWebDriver.execute(RemoteWebDriver.java:607)\r\n\tat org.openqa.selenium.remote.ElementLocation$ElementFinder$2.findElement(ElementLocation.java:165)\r\n\tat org.openqa.selenium.remote.ElementLocation.findElement(ElementLocation.java:59)\r\n\tat org.openqa.selenium.remote.RemoteWebDriver.findElement(RemoteWebDriver.java:364)\r\n\tat org.openqa.selenium.remote.RemoteWebDriver.findElement(RemoteWebDriver.java:358)\r\n\tat org.openqa.selenium.support.pagefactory.DefaultElementLocator.findElement(DefaultElementLocator.java:68)\r\n\tat org.openqa.selenium.support.pagefactory.internal.LocatingElementHandler.invoke(LocatingElementHandler.java:38)\r\n\tat jdk.proxy2/jdk.proxy2.$Proxy25.click(Unknown Source)\r\n\tat rajawaliair.pages.orderPage.doOrder(orderPage.java:88)\r\n\tat rajawaliair.steps.orderStep.chooseTicket(orderStep.java:29)\r\n\tat ✽.user choose ticket(file:///C:/Users/ASUS/Documents/GitHub/Final-Project-QA--Web-Automation-/src/test/java/rajawaliair/features/order.feature:8)\r\n","duration":30071695900,"status":"failed"},"line":8,"name":"user choose ticket","match":{"location":"rajawaliair.steps.orderStep.chooseTicket()"},"keyword":"And "},{"result":{"status":"skipped"},"line":9,"name":"user add-on baggage, meals and insurance","match":{"location":"rajawaliair.steps.orderStep.addOns()"},"keyword":"And "},{"result":{"duration":995400,"status":"skipped"},"line":10,"name":"user is on select ticket type page","match":{"location":"rajawaliair.steps.orderStep.userDirectToSelectTicketPage()"},"keyword":"Then "},{"result":{"status":"skipped"},"line":11,"name":"user take screenshot \"user-order-successfully\"","match":{"arguments":[{"val":"\"user-order-successfully\"","offset":21}],"location":"rajawaliair.steps.commonStep.userTakeScreenshot(java.lang.String)"},"keyword":"* "}],"tags":[{"name":"@order"},{"name":"@order"}]}],"name":"Order","description":"","id":"order","keyword":"Feature","uri":"file:src/test/java/rajawaliair/features/order.feature","tags":[{"name":"@order","type":"Tag","location":{"line":1,"column":1}}]},{"line":2,"elements":[{"start_timestamp":"2024-02-17T17:56:13.374Z","line":5,"name":"As a user, I should be able to registered data","description":"","id":"register;as-a-user--i-should-be-able-to-registered-data","type":"scenario","keyword":"Scenario","steps":[{"result":{"duration":12794750500,"status":"passed"},"line":6,"name":"user navigate to url \"https://rajawali-air.vercel.app/register\"","match":{"arguments":[{"val":"\"https://rajawali-air.vercel.app/register\"","offset":21}],"location":"rajawaliair.steps.commonStep.navigateToUrl(java.lang.String)"},"keyword":"Given "},{"result":{"duration":1158543800,"status":"passed"},"line":7,"name":"user register using valid data","match":{"location":"rajawaliair.steps.signUpStep.userRegister()"},"keyword":"When "},{"result":{"duration":1562833700,"status":"passed"},"line":8,"name":"user direct to OTP verify screen","match":{"location":"rajawaliair.steps.signUpStep.userDirectToinputOTPScreen()"},"keyword":"Then "},{"result":{"duration":189493100,"status":"passed"},"line":9,"name":"user take screenshot \"user-register-successfully\"","match":{"arguments":[{"val":"\"user-register-successfully\"","offset":21}],"location":"rajawaliair.steps.commonStep.userTakeScreenshot(java.lang.String)"},"keyword":"* "}],"tags":[{"name":"@register"},{"name":"@register"}]},{"start_timestamp":"2024-02-17T17:56:30.878Z","line":20,"name":"As a user, I should be able to registered data","description":"","id":"register;as-a-user--i-should-be-able-to-registered-data;;2","type":"scenario","keyword":"Scenario Outline","steps":[{"result":{"duration":6599762400,"status":"passed"},"line":13,"name":"user navigate to url \"https://rajawali-air.vercel.app/register\"","match":{"arguments":[{"val":"\"https://rajawali-air.vercel.app/register\"","offset":21}],"location":"rajawaliair.steps.commonStep.navigateToUrl(java.lang.String)"},"keyword":"Given "},{"result":{"duration":7683763700,"status":"passed"},"line":14,"name":"user register using email1234gmail.com","match":{"location":"rajawaliair.steps.signUpStep.userFailRegister()"},"keyword":"When "},{"result":{"duration":77307200,"status":"passed"},"line":15,"name":"error exist with value \"Invalid Email\"","match":{"arguments":[{"val":"\"Invalid Email\"","offset":23}],"location":"rajawaliair.steps.signUpStep.errorAlertExistRegister(java.lang.String)"},"keyword":"Then "},{"result":{"duration":502921100,"status":"passed"},"line":16,"name":"user take screenshot \"user-register-unsuccessfully-email\"","match":{"arguments":[{"val":"\"user-register-unsuccessfully-email\"","offset":21}],"location":"rajawaliair.steps.commonStep.userTakeScreenshot(java.lang.String)"},"keyword":"* "}],"tags":[{"name":"@register"},{"name":"@register"}]}],"name":"Register","description":"","id":"register","keyword":"Feature","uri":"file:src/test/java/rajawaliair/features/register.feature","tags":[{"name":"@register","type":"Tag","location":{"line":1,"column":1}}]},{"line":2,"elements":[{"start_timestamp":"2024-02-17T17:56:48.348Z","line":5,"name":"Searching ticket","description":"","id":"search;searching-ticket","type":"scenario","keyword":"Scenario","steps":[{"result":{"duration":5606818800,"status":"passed"},"line":6,"name":"user navigate to url \"https://rajawali-air.vercel.app\"","match":{"arguments":[{"val":"\"https://rajawali-air.vercel.app\"","offset":21}],"location":"rajawaliair.steps.commonStep.navigateToUrl(java.lang.String)"},"keyword":"Given "},{"result":{"duration":556512200,"status":"passed"},"line":7,"name":"user selects source airport","match":{"location":"rajawaliair.steps.searchStep.selectSourceAirport()"},"keyword":"When "},{"result":{"duration":184499700,"status":"passed"},"line":8,"name":"user selects destination airport","match":{"location":"rajawaliair.steps.searchStep.selectDestinationAirport()"},"keyword":"And "},{"result":{"duration":113400200,"status":"passed"},"line":9,"name":"user select departure date","match":{"location":"rajawaliair.steps.searchStep.SelectDate()"},"keyword":"And "},{"result":{"duration":370012400,"status":"passed"},"line":10,"name":"user select passenger","match":{"location":"rajawaliair.steps.searchStep.SelectDetailPassenger()"},"keyword":"And "},{"result":{"duration":147146900,"status":"passed"},"line":11,"name":"user click on search button","match":{"location":"rajawaliair.steps.searchStep.FinishSearchTicket()"},"keyword":"And "},{"result":{"duration":2405285500,"status":"passed"},"line":12,"name":"user is on ticket page","match":{"location":"rajawaliair.steps.searchStep.userDirectToTicketPage()"},"keyword":"Then "},{"result":{"duration":233587200,"status":"passed"},"line":13,"name":"user take screenshot \"user-search-successfully\"","match":{"arguments":[{"val":"\"user-search-successfully\"","offset":21}],"location":"rajawaliair.steps.commonStep.userTakeScreenshot(java.lang.String)"},"keyword":"* "}],"tags":[{"name":"@search"},{"name":"@search"}]}],"name":"Search","description":"","id":"search","keyword":"Feature","uri":"file:src/test/java/rajawaliair/features/search.feature","tags":[{"name":"@search","type":"Tag","location":{"line":1,"column":1}}]}]