[{"line":2,"elements":[{"start_timestamp":"2024-02-09T09:59:58.350Z","line":5,"name":"As a user, I should be able to log in using correct registered data","description":"","id":"login;as-a-user--i-should-be-able-to-log-in-using-correct-registered-data","type":"scenario","keyword":"Scenario","steps":[{"result":{"duration":2104131600,"status":"passed"},"line":6,"name":"user navigate to url \"https://rajawali-air.vercel.app/login\"","match":{"arguments":[{"val":"\"https://rajawali-air.vercel.app/login\"","offset":21}],"location":"rajawaliair.steps.commonStep.navigateToUrl(java.lang.String)"},"keyword":"Given "},{"result":{"duration":631057300,"status":"passed"},"line":7,"name":"user login using \"admin@gmail.com\"","match":{"arguments":[{"val":"\"admin@gmail.com\"","offset":17}],"location":"rajawaliair.steps.loginStep.loginAs(java.lang.String)"},"keyword":"When "},{"result":{"duration":2078038000,"status":"passed"},"line":8,"name":"user direct to dashboard screen","match":{"location":"rajawaliair.steps.loginStep.userDirectToDashboardScreen()"},"keyword":"Then "},{"result":{"duration":414154200,"status":"passed"},"line":9,"name":"user take screenshot \"user-login-successfully\"","match":{"arguments":[{"val":"\"user-login-successfully\"","offset":21}],"location":"rajawaliair.steps.commonStep.userTakeScreenshot(java.lang.String)"},"keyword":"* "}],"tags":[{"name":"@login"},{"name":"@login"}]},{"start_timestamp":"2024-02-09T10:00:06.936Z","line":20,"name":"As a user, I should be able to log in using correct registered data","description":"","id":"login;as-a-user--i-should-be-able-to-log-in-using-correct-registered-data;;2","type":"scenario","keyword":"Scenario Outline","steps":[{"result":{"duration":2645433700,"status":"passed"},"line":13,"name":"user navigate to url \"https://rajawali-air.vercel.app/login\"","match":{"arguments":[{"val":"\"https://rajawali-air.vercel.app/login\"","offset":21}],"location":"rajawaliair.steps.commonStep.navigateToUrl(java.lang.String)"},"keyword":"Given "},{"result":{"duration":695140500,"status":"passed"},"line":14,"name":"user login using \"admin1@gmail.com\"","match":{"arguments":[{"val":"\"admin1@gmail.com\"","offset":17}],"location":"rajawaliair.steps.loginStep.loginAs(java.lang.String)"},"keyword":"When "},{"result":{"duration":987911700,"status":"passed"},"line":15,"name":"error alert exist with value \"Email not found\"","match":{"arguments":[{"val":"\"Email not found\"","offset":29}],"location":"rajawaliair.steps.loginStep.errorAlertExist(java.lang.String)"},"keyword":"Then "},{"result":{"duration":179396800,"status":"passed"},"line":16,"name":"user take screenshot \"user-login-successfully\"","match":{"arguments":[{"val":"\"user-login-successfully\"","offset":21}],"location":"rajawaliair.steps.commonStep.userTakeScreenshot(java.lang.String)"},"keyword":"* "}],"tags":[{"name":"@login"},{"name":"@login"}]}],"name":"Login","description":"","id":"login","keyword":"Feature","uri":"file:src/test/java/rajawaliair/features/login.feature","tags":[{"name":"@login","type":"Tag","location":{"line":1,"column":1}}]},{"line":2,"elements":[{"start_timestamp":"2024-02-09T10:00:13.864Z","line":5,"name":"Searching ticket","description":"","id":"checkout;searching-ticket","type":"scenario","keyword":"Scenario","steps":[{"result":{"duration":2664042200,"status":"passed"},"line":6,"name":"user navigate to url \"https://rajawali-air.vercel.app\"","match":{"arguments":[{"val":"\"https://rajawali-air.vercel.app\"","offset":21}],"location":"rajawaliair.steps.commonStep.navigateToUrl(java.lang.String)"},"keyword":"Given "},{"result":{"status":"undefined"},"line":7,"name":"user click source aiport","match":{},"keyword":"And "},{"result":{"status":"skipped"},"line":8,"name":"user click \"Halim Perdana Kusuma Aiport\"","match":{},"keyword":"And "},{"result":{"status":"skipped"},"line":9,"name":"user click destination aiport","match":{},"keyword":"And "},{"result":{"duration":995500,"status":"skipped"},"line":10,"name":"user click \"I Gusti Ngurah Rai International Airport\"","match":{},"keyword":"And "},{"result":{"status":"skipped"},"line":11,"name":"user select deparature date","match":{},"keyword":"And "},{"result":{"status":"skipped"},"line":12,"name":"user select passenger","match":{},"keyword":"And "},{"result":{"duration":997100,"status":"skipped"},"line":13,"name":"user select cabin class","match":{},"keyword":"And "},{"result":{"status":"skipped"},"line":14,"name":"user click on search button","match":{},"keyword":"And "},{"result":{"duration":997000,"status":"skipped"},"line":15,"name":"user is on ticket page","match":{},"keyword":"Then "}],"tags":[{"name":"@search"},{"name":"@search"}]}],"name":"Checkout","description":"","id":"checkout","keyword":"Feature","uri":"file:src/test/java/rajawaliair/features/search.feature","tags":[{"name":"@search","type":"Tag","location":{"line":1,"column":1}}]}]